{
  "IcoMoonType": "selection",
  "icons": [
    {
      "icon": {
        "paths": [],
        "attrs": [],
        "width": 512,
        "isMulticolor": false,
        "isMulticolor2": false,
        "grid": 0
      },
      "attrs": [],
      "properties": {
        "order": 100,
        "id": 32,
        "prevSize": 32,
        "code": 32,
        "name": "xx"
      },
      "setIdx": 0,
      "setId": 1,
      "iconIdx": 0
    },
    {
      "icon": {
        "paths": [
          "M256 32c-41.333 0-78.433 18.965-106.875 48s-49.947 67.736-67 112.5c-34.105 89.527-50.125 204.452-50.125 319.5s16.020 229.848 50.125 319.375c17.053 44.764 38.558 83.466 67 112.5s65.542 48.125 106.875 48.125c41.333 0 78.433-19.091 106.875-48.125s49.947-67.736 67-112.5c34.105-89.526 50.125-204.327 50.125-319.375s-16.020-229.973-50.125-319.5c-17.053-44.764-38.558-83.466-67-112.5s-65.542-48-106.875-48zM256 96c22.667 0 41.567 8.909 61.125 28.875s38.053 51.263 53 90.5c29.895 78.474 45.875 187.673 45.875 296.625s-15.98 218.027-45.875 296.5c-14.947 39.236-33.442 70.534-53 90.5s-38.458 29-61.125 29c-22.667 0-41.567-9.035-61.125-29s-38.053-51.263-53-90.5c-29.895-78.473-45.875-187.548-45.875-296.5s15.98-218.152 45.875-296.625c14.947-39.236 33.442-70.534 53-90.5s38.458-28.875 61.125-28.875z"
        ],
        "attrs": [
          {}
        ],
        "width": 512,
        "isMulticolor": false,
        "isMulticolor2": false,
        "grid": 0,
        "tags": [
          "0"
        ]
      },
      "attrs": [
        {}
      ],
      "properties": {
        "order": 84,
        "id": 31,
        "name": "x0",
        "prevSize": 32,
        "code": 105,
        "ligatures": ""
      },
      "setIdx": 0,
      "setId": 1,
      "iconIdx": 1
    },
    {
      "icon": {
        "paths": [
          "M415.984 32c0 448-3.032 681.205-45.75 788-21.359 53.397-46.961 75.606-93.875 90.375-39.846 12.544-105.726 14.116-180.375 15v-413.375h-64v480h32c96.444 0 170.539-1.267 231.625-20.5 61.086-19.231 107.484-61.023 134.125-127.626 53.282-133.204 50.25-363.875 50.25-811.875z"
        ],
        "attrs": [
          {}
        ],
        "width": 512,
        "isMulticolor": false,
        "isMulticolor2": false,
        "grid": 0,
        "tags": [
          "1"
        ]
      },
      "attrs": [
        {}
      ],
      "properties": {
        "order": 85,
        "id": 30,
        "name": "x1",
        "prevSize": 32,
        "code": 121,
        "ligatures": ""
      },
      "setIdx": 0,
      "setId": 1,
      "iconIdx": 2
    },
    {
      "icon": {
        "paths": [
          "M32.014 32c0 448.001-2.92 678.669 50.375 811.875 26.647 66.603 72.911 108.395 134 127.626s135.181 20.5 231.625 20.5h32v-480h-64v413.375c-74.649-0.883-140.525-2.458-180.375-15-46.919-14.77-72.511-36.978-93.875-90.375-42.728-106.795-45.75-340.001-45.75-788z"
        ],
        "attrs": [
          {}
        ],
        "width": 512,
        "isMulticolor": false,
        "isMulticolor2": false,
        "grid": 0,
        "tags": [
          "2"
        ]
      },
      "attrs": [
        {}
      ],
      "properties": {
        "order": 86,
        "id": 29,
        "name": "x2",
        "prevSize": 32,
        "code": 101,
        "ligatures": ""
      },
      "setIdx": 0,
      "setId": 1,
      "iconIdx": 3
    },
    {
      "icon": {
        "paths": [
          "M32 32c0 448-0.931 678.472 24.625 806.25 12.778 63.889 34.48 106.52 71.375 129.75s79.111 24 128 24c48.889 0 91.105-0.768 128-24 36.895-23.231 58.597-65.861 71.375-129.75 25.556-127.777 24.625-358.25 24.625-806.25h-64c0 448-0.931 681.402-23.375 793.625-11.222 56.111-25.52 77.48-42.625 88.25s-46.889 14.125-94 14.125c-47.111 0-76.895-3.354-94-14.125-17.105-10.77-31.403-32.139-42.625-88.25-22.444-112.223-23.375-345.625-23.375-793.625z"
        ],
        "attrs": [
          {}
        ],
        "width": 512,
        "isMulticolor": false,
        "isMulticolor2": false,
        "grid": 0,
        "tags": [
          "3"
        ]
      },
      "attrs": [
        {}
      ],
      "properties": {
        "order": 87,
        "id": 28,
        "name": "x3",
        "prevSize": 32,
        "code": 97,
        "ligatures": ""
      },
      "setIdx": 0,
      "setId": 1,
      "iconIdx": 4
    },
    {
      "icon": {
        "paths": [
          "M31.976 32.004v512h64v-446c75.194 0.384 141.685 0.64 181.75 11.375 47.119 12.653 71.509 31.715 92.625 82.75 42.231 102.071 45.648 335.873 45.625 799.875h64c0.023-464.003 3.382-694.32-50.375-824.25-26.879-64.965-74.495-103.902-135.375-120.25s-134.25-15.5-230.25-15.5z"
        ],
        "attrs": [
          {}
        ],
        "width": 512,
        "isMulticolor": false,
        "isMulticolor2": false,
        "grid": 0,
        "tags": [
          "4"
        ]
      },
      "attrs": [
        {}
      ],
      "properties": {
        "order": 88,
        "id": 27,
        "name": "x4",
        "prevSize": 32,
        "code": 113,
        "ligatures": ""
      },
      "setIdx": 0,
      "setId": 1,
      "iconIdx": 5
    },
    {
      "icon": {
        "paths": [
          "M36 32v64c127.216 0 218.595 50.883 281.125 128.125s94.875 182.351 94.875 287.875c0 105.524-32.345 210.508-94.875 287.75s-153.909 128.25-281.125 128.25v64c144.784 0 257.405-61.117 330.875-151.875s109.125-209.649 109.125-328.125c0-118.476-35.655-237.492-109.125-328.25s-186.091-151.75-330.875-151.75z"
        ],
        "attrs": [
          {}
        ],
        "width": 512,
        "isMulticolor": false,
        "isMulticolor2": false,
        "grid": 0,
        "tags": [
          "5"
        ]
      },
      "attrs": [
        {}
      ],
      "properties": {
        "order": 89,
        "id": 26,
        "name": "x5",
        "prevSize": 32,
        "code": 111,
        "ligatures": ""
      },
      "setIdx": 0,
      "setId": 1,
      "iconIdx": 6
    },
    {
      "icon": {
        "paths": [
          "M480 32c-61.333 0-111.407 15.789-149.125 45.125s-61.901 70.702-77.25 116.75c-30.698 92.095-29.625 206.125-29.625 318.125s-1.073 221.971-26.375 297.875c-12.651 37.952-30.468 66.586-55.75 86.25s-59.208 31.875-109.875 31.875v64c61.333 0 111.407-15.914 149.125-45.25s61.901-70.703 77.25-116.75c30.698-92.095 29.625-206 29.625-318s1.073-222.095 26.375-298c12.651-37.953 30.468-66.586 55.75-86.25s59.208-31.75 109.875-31.75z"
        ],
        "attrs": [
          {}
        ],
        "width": 512,
        "isMulticolor": false,
        "isMulticolor2": false,
        "grid": 0,
        "tags": [
          "6"
        ]
      },
      "attrs": [
        {}
      ],
      "properties": {
        "order": 90,
        "id": 25,
        "name": "x6",
        "prevSize": 32,
        "code": 117,
        "ligatures": ""
      },
      "setIdx": 0,
      "setId": 1,
      "iconIdx": 7
    },
    {
      "icon": {
        "paths": [
          "M416.019 31.997c0 464-3.389 697.679-45.625 799.75-21.118 51.036-45.505 70.098-92.625 82.75-39.872 10.707-106.219 10.956-180.875 11.375 0.675-166.391 5.462-270.94 34.25-317 15.554-24.886 36.257-39.368 76.125-50s97.817-14.875 176.75-14.875v-64c-81.067 0-143.118 3.629-193.25 17-50.132 13.369-89.429 38.886-113.875 78-48.893 78.228-44.875 193-44.875 385v32h32c96 0 169.37 0.723 230.25-15.625s108.493-55.286 135.375-120.25c53.764-129.929 50.375-360.125 50.375-824.125z"
        ],
        "attrs": [
          {}
        ],
        "width": 512,
        "isMulticolor": false,
        "isMulticolor2": false,
        "grid": 0,
        "tags": [
          "7"
        ]
      },
      "attrs": [
        {}
      ],
      "properties": {
        "order": 91,
        "id": 24,
        "name": "x7",
        "prevSize": 32,
        "code": 104,
        "ligatures": ""
      },
      "setIdx": 0,
      "setId": 1,
      "iconIdx": 8
    },
    {
      "icon": {
        "paths": [
          "M448.022 48.003c-96 0-169.311-0.736-230 15-60.689 15.734-108.332 53.276-135.375 116.375-54.085 126.2-50.625 348.625-50.625 796.625h64c0-448 3.46-673.699 45.375-771.5 20.957-48.9 45.314-67.359 92.625-79.625 40.237-10.432 106.761-10.613 182-11v414.125h64v-480z"
        ],
        "attrs": [
          {}
        ],
        "width": 512,
        "isMulticolor": false,
        "isMulticolor2": false,
        "grid": 0,
        "tags": [
          "8"
        ]
      },
      "attrs": [
        {}
      ],
      "properties": {
        "order": 92,
        "id": 23,
        "name": "x8",
        "prevSize": 32,
        "code": 237,
        "ligatures": "ii"
      },
      "setIdx": 0,
      "setId": 1,
      "iconIdx": 9
    },
    {
      "icon": {
        "paths": [
          "M32 48v64c50.857 0 84.992 11.681 110.25 30.625s42.935 46.401 55.5 82.75c25.13 72.699 26.25 178.625 26.25 286.625s-1.119 218.074 29.75 307.375c15.435 44.651 39.758 84.694 77.5 113s87.607 43.625 148.75 43.625v-64c-50.857 0-84.992-11.806-110.25-30.75s-42.935-46.401-55.5-82.75c-25.13-72.699-26.25-178.5-26.25-286.5s1.119-218.199-29.75-307.5c-15.435-44.65-39.758-84.694-77.5-113s-87.607-43.5-148.75-43.5z"
        ],
        "attrs": [
          {}
        ],
        "width": 512,
        "isMulticolor": false,
        "isMulticolor2": false,
        "grid": 0,
        "tags": [
          "9"
        ]
      },
      "attrs": [
        {}
      ],
      "properties": {
        "order": 93,
        "id": 22,
        "name": "x9",
        "prevSize": 32,
        "code": 236,
        "ligatures": "yy"
      },
      "setIdx": 0,
      "setId": 1,
      "iconIdx": 10
    },
    {
      "icon": {
        "paths": [
          "M476 48c-144.471 0-256.871 58.67-330.5 146.375s-109.5 202.909-109.5 317.625c0 114.716 35.871 229.795 109.5 317.5s186.029 146.5 330.5 146.5v-64c-127.529 0-219.129-49.33-281.5-123.625s-94.5-175.091-94.5-276.375c0-101.284 32.129-202.205 94.5-276.5s153.971-123.5 281.5-123.5z"
        ],
        "attrs": [
          {}
        ],
        "width": 512,
        "isMulticolor": false,
        "isMulticolor2": false,
        "grid": 0,
        "tags": [
          "A"
        ]
      },
      "attrs": [
        {}
      ],
      "properties": {
        "order": 94,
        "id": 21,
        "name": "xA",
        "prevSize": 32,
        "code": 233,
        "ligatures": "ee"
      },
      "setIdx": 0,
      "setId": 1,
      "iconIdx": 11
    },
    {
      "icon": {
        "paths": [
          "M31.981 31.997c0 464-3.389 694.196 50.375 824.125 26.882 64.964 74.37 103.903 135.25 120.25s134.375 15.625 230.375 15.625h32v-32c0-192 4.018-306.772-44.875-385-24.446-39.114-63.743-64.631-113.875-78s-112.183-17-193.25-17v64c78.933 0 136.882 4.243 176.75 14.875s60.571 25.114 76.125 50c28.788 46.061 33.576 150.609 34.25 317-74.656-0.448-141.003-0.666-180.875-11.375-47.12-12.652-71.632-31.715-92.75-82.75-42.236-102.071-45.5-335.75-45.5-799.75z"
        ],
        "attrs": [
          {}
        ],
        "width": 512,
        "isMulticolor": false,
        "isMulticolor2": false,
        "grid": 0,
        "tags": [
          "B"
        ]
      },
      "attrs": [
        {}
      ],
      "properties": {
        "order": 95,
        "id": 20,
        "name": "xB",
        "prevSize": 32,
        "code": 225,
        "ligatures": "aa"
      },
      "setIdx": 0,
      "setId": 1,
      "iconIdx": 12
    },
    {
      "icon": {
        "paths": [
          "M256 32c-48.889 0-91.105 0.646-128 23.875-36.895 23.231-58.597 65.862-71.375 129.75-25.556 127.777-24.625 358.375-24.625 806.375h64c0-448 0.931-681.528 23.375-793.75 11.222-56.111 25.521-77.48 42.625-88.25s46.889-14 94-14c47.111 0 76.895 3.232 94 14 17.105 10.769 31.403 32.139 42.625 88.25 22.444 112.223 23.375 345.75 23.375 793.75h64c0-448 0.928-678.598-24.625-806.375-12.778-63.889-34.479-106.52-71.375-129.75s-79.111-23.875-128-23.875z"
        ],
        "attrs": [
          {}
        ],
        "width": 512,
        "isMulticolor": false,
        "isMulticolor2": false,
        "grid": 0,
        "tags": [
          "C"
        ]
      },
      "attrs": [
        {}
      ],
      "properties": {
        "order": 96,
        "id": 19,
        "name": "xC",
        "prevSize": 32,
        "code": 242,
        "ligatures": "qq"
      },
      "setIdx": 0,
      "setId": 1,
      "iconIdx": 13
    },
    {
      "icon": {
        "paths": [
          "M32.019 32.004v32c0 192-4.019 306.646 44.875 384.875 24.447 39.114 63.743 64.632 113.875 78s112.183 17.125 193.25 17.125v-64c-78.933 0-136.882-4.371-176.75-15-39.868-10.631-60.572-25.114-76.125-50-28.796-46.072-33.578-150.532-34.25-317 74.66 0.448 141.002 0.666 180.875 11.375 47.12 12.653 71.507 31.715 92.625 82.75 42.236 102.071 45.625 335.875 45.625 799.875h64c0-464 3.386-694.321-50.375-824.25-26.882-64.964-74.495-103.902-135.375-120.25s-134.25-15.5-230.25-15.5z"
        ],
        "attrs": [
          {}
        ],
        "width": 512,
        "isMulticolor": false,
        "isMulticolor2": false,
        "grid": 0,
        "tags": [
          "D"
        ]
      },
      "attrs": [
        {}
      ],
      "properties": {
        "order": 97,
        "id": 18,
        "name": "xD",
        "prevSize": 32,
        "code": 243,
        "ligatures": "oo"
      },
      "setIdx": 0,
      "setId": 1,
      "iconIdx": 14
    },
    {
      "icon": {
        "paths": [
          "M447.981 32.004c-96 0-169.494-0.845-230.375 15.5-60.881 16.348-108.368 55.285-135.25 120.25-53.764 129.929-50.375 360.25-50.375 824.25h64c0-464 3.264-697.804 45.5-799.875 21.118-51.036 45.63-70.097 92.75-82.75 39.873-10.707 106.214-10.956 180.875-11.375-0.672 166.467-5.453 270.927-34.25 317-15.553 24.886-36.257 39.369-76.125 50s-97.817 15-176.75 15v64c81.067 0 143.118-3.757 193.25-17.125s89.428-38.886 113.875-78c48.893-78.228 44.875-192.875 44.875-384.875v-32z"
        ],
        "attrs": [
          {}
        ],
        "width": 512,
        "isMulticolor": false,
        "isMulticolor2": false,
        "grid": 0,
        "tags": [
          "E"
        ]
      },
      "attrs": [
        {}
      ],
      "properties": {
        "order": 98,
        "id": 17,
        "name": "xE",
        "prevSize": 32,
        "code": 250,
        "ligatures": "uu"
      },
      "setIdx": 0,
      "setId": 1,
      "iconIdx": 15
    },
    {
      "icon": {
        "paths": [
          "M32 32v32c0 226.285 22.128 342.366 65.125 409.25 13.349 20.765 31.816 27.692 49 38.625-17.208 10.936-35.634 17.959-49 38.75-42.997 66.884-65.125 183.089-65.125 409.375v32h448v-32c0-226.286-22.128-342.491-65.125-409.375-13.366-20.791-31.791-27.814-49-38.75 17.184-10.933 35.651-17.859 49-38.625 42.997-66.884 65.125-182.964 65.125-409.25v-32h-32zM98.125 96h315.75c-2.982 194.445-25.578 300.356-52.75 342.625-14.502 22.558-27.788 30.668-44.125 35.75-16.337 5.082-37 5.626-61 5.626s-44.663-0.512-61-5.626c-16.337-5.082-29.624-13.192-44.125-35.75-27.172-42.268-49.77-148.179-52.75-342.625zM256 544c24 0 44.663 0.448 61 5.498 16.337 5.082 29.624 13.192 44.125 35.75 27.174 42.27 49.772 148.292 52.75 342.75h-315.75c2.976-194.458 25.576-300.48 52.75-342.75 14.502-22.558 27.788-30.668 44.125-35.75s37-5.498 61-5.498z"
        ],
        "attrs": [
          {}
        ],
        "width": 512,
        "isMulticolor": false,
        "isMulticolor2": false,
        "grid": 0,
        "tags": [
          "F"
        ]
      },
      "attrs": [
        {}
      ],
      "properties": {
        "order": 99,
        "id": 16,
        "name": "xF",
        "prevSize": 32,
        "code": 249,
        "ligatures": "hh"
      },
      "setIdx": 0,
      "setId": 1,
      "iconIdx": 16
    },
    {
      "icon": {
        "paths": [
          "M256 32c-41.333 0-78.433 18.965-106.875 48s-49.947 67.736-67 112.5c-34.105 89.527-50.125 204.452-50.125 319.5s16.020 229.848 50.125 319.375c17.053 44.764 38.558 83.466 67 112.5s65.542 48.125 106.875 48.125c41.333 0 78.433-19.091 106.875-48.125s49.947-67.736 67-112.5c34.105-89.526 50.125-204.327 50.125-319.375s-16.020-229.973-50.125-319.5c-17.053-44.764-38.558-83.466-67-112.5s-65.542-48-106.875-48zM256 96c22.667 0 41.567 8.909 61.125 28.875s38.053 51.263 53 90.5c29.895 78.474 45.875 187.673 45.875 296.625s-15.98 218.027-45.875 296.5c-14.947 39.236-33.442 70.534-53 90.5s-38.458 29-61.125 29c-22.667 0-41.567-9.035-61.125-29s-38.053-51.263-53-90.5c-29.895-78.473-45.875-187.548-45.875-296.5s15.98-218.152 45.875-296.625c14.947-39.236 33.442-70.534 53-90.5s38.458-28.875 61.125-28.875z"
        ],
        "attrs": [
          {}
        ],
        "width": 512,
        "isMulticolor": false,
        "isMulticolor2": false,
        "grid": 0,
        "tags": [
          "0"
        ]
      },
      "attrs": [
        {}
      ],
      "properties": {
        "order": 68,
        "id": 15,
        "name": "0x",
        "prevSize": 32,
        "code": 112
      },
      "setIdx": 0,
      "setId": 1,
      "iconIdx": 17
    },
    {
      "icon": {
        "paths": [
          "M415.984 32c0 448-3.032 681.205-45.75 788-21.359 53.397-46.961 75.606-93.875 90.375-39.846 12.544-105.726 14.116-180.375 15v-413.375h-64v480h32c96.444 0 170.539-1.267 231.625-20.5 61.086-19.231 107.484-61.023 134.125-127.626 53.282-133.204 50.25-363.875 50.25-811.875z"
        ],
        "attrs": [
          {}
        ],
        "width": 512,
        "isMulticolor": false,
        "isMulticolor2": false,
        "grid": 0,
        "tags": [
          "1"
        ]
      },
      "attrs": [
        {}
      ],
      "properties": {
        "order": 69,
        "id": 14,
        "name": "1x",
        "prevSize": 32,
        "code": 116
      },
      "setIdx": 0,
      "setId": 1,
      "iconIdx": 18
    },
    {
      "icon": {
        "paths": [
          "M32.014 32c0 448.001-2.92 678.669 50.375 811.875 26.647 66.603 72.911 108.395 134 127.626s135.181 20.5 231.625 20.5h32v-480h-64v413.375c-74.649-0.883-140.525-2.458-180.375-15-46.919-14.77-72.511-36.978-93.875-90.375-42.728-106.795-45.75-340.001-45.75-788z"
        ],
        "attrs": [
          {}
        ],
        "width": 512,
        "isMulticolor": false,
        "isMulticolor2": false,
        "grid": 0,
        "tags": [
          "2"
        ]
      },
      "attrs": [
        {}
      ],
      "properties": {
        "order": 70,
        "id": 13,
        "name": "2x",
        "prevSize": 32,
        "code": 107
      },
      "setIdx": 0,
      "setId": 1,
      "iconIdx": 19
    },
    {
      "icon": {
        "paths": [
          "M32 32c0 448-0.931 678.472 24.625 806.25 12.778 63.889 34.48 106.52 71.375 129.75s79.111 24 128 24c48.889 0 91.105-0.768 128-24 36.895-23.231 58.597-65.861 71.375-129.75 25.556-127.777 24.625-358.25 24.625-806.25h-64c0 448-0.931 681.402-23.375 793.625-11.222 56.111-25.52 77.48-42.625 88.25s-46.889 14.125-94 14.125c-47.111 0-76.895-3.354-94-14.125-17.105-10.77-31.403-32.139-42.625-88.25-22.444-112.223-23.375-345.625-23.375-793.625z"
        ],
        "attrs": [
          {}
        ],
        "width": 512,
        "isMulticolor": false,
        "isMulticolor2": false,
        "grid": 0,
        "tags": [
          "3"
        ]
      },
      "attrs": [
        {}
      ],
      "properties": {
        "order": 71,
        "id": 12,
        "name": "3x",
        "prevSize": 32,
        "code": 102
      },
      "setIdx": 0,
      "setId": 1,
      "iconIdx": 20
    },
    {
      "icon": {
        "paths": [
          "M31.976 32.004v512h64v-446c75.194 0.384 141.685 0.64 181.75 11.375 47.119 12.653 71.509 31.715 92.625 82.75 42.231 102.071 45.648 335.873 45.625 799.875h64c0.023-464.003 3.382-694.32-50.375-824.25-26.879-64.965-74.495-103.902-135.375-120.25s-134.25-15.5-230.25-15.5z"
        ],
        "attrs": [
          {}
        ],
        "width": 512,
        "isMulticolor": false,
        "isMulticolor2": false,
        "grid": 0,
        "tags": [
          "4"
        ]
      },
      "attrs": [
        {}
      ],
      "properties": {
        "order": 72,
        "id": 11,
        "name": "4x",
        "prevSize": 32,
        "code": 114
      },
      "setIdx": 0,
      "setId": 1,
      "iconIdx": 21
    },
    {
      "icon": {
        "paths": [
          "M36 32v64c127.216 0 218.595 50.883 281.125 128.125s94.875 182.351 94.875 287.875c0 105.524-32.345 210.508-94.875 287.75s-153.909 128.25-281.125 128.25v64c144.784 0 257.405-61.117 330.875-151.875s109.125-209.649 109.125-328.125c0-118.476-35.655-237.492-109.125-328.25s-186.091-151.75-330.875-151.75z"
        ],
        "attrs": [
          {}
        ],
        "width": 512,
        "isMulticolor": false,
        "isMulticolor2": false,
        "grid": 0,
        "tags": [
          "5"
        ]
      },
      "attrs": [
        {}
      ],
      "properties": {
        "order": 73,
        "id": 10,
        "name": "5x",
        "prevSize": 32,
        "code": 115
      },
      "setIdx": 0,
      "setId": 1,
      "iconIdx": 22
    },
    {
      "icon": {
        "paths": [
          "M480 32c-61.333 0-111.407 15.789-149.125 45.125s-61.901 70.702-77.25 116.75c-30.698 92.095-29.625 206.125-29.625 318.125s-1.073 221.971-26.375 297.875c-12.651 37.952-30.468 66.586-55.75 86.25s-59.208 31.875-109.875 31.875v64c61.333 0 111.407-15.914 149.125-45.25s61.901-70.703 77.25-116.75c30.698-92.095 29.625-206 29.625-318s1.073-222.095 26.375-298c12.651-37.953 30.468-66.586 55.75-86.25s59.208-31.75 109.875-31.75z"
        ],
        "attrs": [
          {}
        ],
        "width": 512,
        "isMulticolor": false,
        "isMulticolor2": false,
        "grid": 0,
        "tags": [
          "6"
        ]
      },
      "attrs": [
        {}
      ],
      "properties": {
        "order": 74,
        "id": 9,
        "name": "6x",
        "prevSize": 32,
        "code": 99
      },
      "setIdx": 0,
      "setId": 1,
      "iconIdx": 23
    },
    {
      "icon": {
        "paths": [
          "M416.019 31.997c0 464-3.389 697.679-45.625 799.75-21.118 51.036-45.505 70.098-92.625 82.75-39.872 10.707-106.219 10.956-180.875 11.375 0.675-166.391 5.462-270.94 34.25-317 15.554-24.886 36.257-39.368 76.125-50s97.817-14.875 176.75-14.875v-64c-81.067 0-143.118 3.629-193.25 17-50.132 13.369-89.429 38.886-113.875 78-48.893 78.228-44.875 193-44.875 385v32h32c96 0 169.37 0.723 230.25-15.625s108.493-55.286 135.375-120.25c53.764-129.929 50.375-360.125 50.375-824.125z"
        ],
        "attrs": [
          {}
        ],
        "width": 512,
        "isMulticolor": false,
        "isMulticolor2": false,
        "grid": 0,
        "tags": [
          "7"
        ]
      },
      "attrs": [
        {}
      ],
      "properties": {
        "order": 75,
        "id": 8,
        "name": "7x",
        "prevSize": 32,
        "code": 119
      },
      "setIdx": 0,
      "setId": 1,
      "iconIdx": 24
    },
    {
      "icon": {
        "paths": [
          "M448.022 48.003c-96 0-169.311-0.736-230 15-60.689 15.734-108.332 53.276-135.375 116.375-54.085 126.2-50.625 348.625-50.625 796.625h64c0-448 3.46-673.699 45.375-771.5 20.957-48.9 45.314-67.359 92.625-79.625 40.237-10.432 106.761-10.613 182-11v414.125h64v-480z"
        ],
        "attrs": [
          {}
        ],
        "width": 512,
        "isMulticolor": false,
        "isMulticolor2": false,
        "grid": 0,
        "tags": [
          "8"
        ]
      },
      "attrs": [
        {}
      ],
      "properties": {
        "order": 76,
        "id": 7,
        "name": "8x",
        "prevSize": 32,
        "code": 98
      },
      "setIdx": 0,
      "setId": 1,
      "iconIdx": 25
    },
    {
      "icon": {
        "paths": [
          "M32 48v64c50.857 0 84.992 11.681 110.25 30.625s42.935 46.401 55.5 82.75c25.13 72.699 26.25 178.625 26.25 286.625s-1.119 218.074 29.75 307.375c15.435 44.651 39.758 84.694 77.5 113s87.607 43.625 148.75 43.625v-64c-50.857 0-84.992-11.806-110.25-30.75s-42.935-46.401-55.5-82.75c-25.13-72.699-26.25-178.5-26.25-286.5s1.119-218.199-29.75-307.5c-15.435-44.65-39.758-84.694-77.5-113s-87.607-43.5-148.75-43.5z"
        ],
        "attrs": [
          {}
        ],
        "width": 512,
        "isMulticolor": false,
        "isMulticolor2": false,
        "grid": 0,
        "tags": [
          "9"
        ]
      },
      "attrs": [
        {}
      ],
      "properties": {
        "order": 77,
        "id": 6,
        "name": "9x",
        "prevSize": 32,
        "code": 100
      },
      "setIdx": 0,
      "setId": 1,
      "iconIdx": 26
    },
    {
      "icon": {
        "paths": [
          "M476 48c-144.471 0-256.871 58.67-330.5 146.375s-109.5 202.909-109.5 317.625c0 114.716 35.871 229.795 109.5 317.5s186.029 146.5 330.5 146.5v-64c-127.529 0-219.129-49.33-281.5-123.625s-94.5-175.091-94.5-276.375c0-101.284 32.129-202.205 94.5-276.5s153.971-123.5 281.5-123.5z"
        ],
        "attrs": [
          {}
        ],
        "width": 512,
        "isMulticolor": false,
        "isMulticolor2": false,
        "grid": 0,
        "tags": [
          "A"
        ]
      },
      "attrs": [
        {}
      ],
      "properties": {
        "order": 78,
        "id": 5,
        "name": "Ax",
        "prevSize": 32,
        "code": 103
      },
      "setIdx": 0,
      "setId": 1,
      "iconIdx": 27
    },
    {
      "icon": {
        "paths": [
          "M31.981 31.997c0 464-3.389 694.196 50.375 824.125 26.882 64.964 74.37 103.903 135.25 120.25s134.375 15.625 230.375 15.625h32v-32c0-192 4.018-306.772-44.875-385-24.446-39.114-63.743-64.631-113.875-78s-112.183-17-193.25-17v64c78.933 0 136.882 4.243 176.75 14.875s60.571 25.114 76.125 50c28.788 46.061 33.576 150.609 34.25 317-74.656-0.448-141.003-0.666-180.875-11.375-47.12-12.652-71.632-31.715-92.75-82.75-42.236-102.071-45.5-335.75-45.5-799.75z"
        ],
        "attrs": [
          {}
        ],
        "width": 512,
        "isMulticolor": false,
        "isMulticolor2": false,
        "grid": 0,
        "tags": [
          "B"
        ]
      },
      "attrs": [
        {}
      ],
      "properties": {
        "order": 79,
        "id": 4,
        "name": "Bx",
        "prevSize": 32,
        "code": 118
      },
      "setIdx": 0,
      "setId": 1,
      "iconIdx": 28
    },
    {
      "icon": {
        "paths": [
          "M256 32c-48.889 0-91.105 0.646-128 23.875-36.895 23.231-58.597 65.862-71.375 129.75-25.556 127.777-24.625 358.375-24.625 806.375h64c0-448 0.931-681.528 23.375-793.75 11.222-56.111 25.521-77.48 42.625-88.25s46.889-14 94-14c47.111 0 76.895 3.232 94 14 17.105 10.769 31.403 32.139 42.625 88.25 22.444 112.223 23.375 345.75 23.375 793.75h64c0-448 0.928-678.598-24.625-806.375-12.778-63.889-34.479-106.52-71.375-129.75s-79.111-23.875-128-23.875z"
        ],
        "attrs": [
          {}
        ],
        "width": 512,
        "isMulticolor": false,
        "isMulticolor2": false,
        "grid": 0,
        "tags": [
          "C"
        ]
      },
      "attrs": [
        {}
      ],
      "properties": {
        "order": 80,
        "id": 3,
        "name": "Cx",
        "prevSize": 32,
        "code": 120
      },
      "setIdx": 0,
      "setId": 1,
      "iconIdx": 29
    },
    {
      "icon": {
        "paths": [
          "M32.019 32.004v32c0 192-4.019 306.646 44.875 384.875 24.447 39.114 63.743 64.632 113.875 78s112.183 17.125 193.25 17.125v-64c-78.933 0-136.882-4.371-176.75-15-39.868-10.631-60.572-25.114-76.125-50-28.796-46.072-33.578-150.532-34.25-317 74.66 0.448 141.002 0.666 180.875 11.375 47.12 12.653 71.507 31.715 92.625 82.75 42.236 102.071 45.625 335.875 45.625 799.875h64c0-464 3.386-694.321-50.375-824.25-26.882-64.964-74.495-103.902-135.375-120.25s-134.25-15.5-230.25-15.5z"
        ],
        "attrs": [
          {}
        ],
        "width": 512,
        "isMulticolor": false,
        "isMulticolor2": false,
        "grid": 0,
        "tags": [
          "D"
        ]
      },
      "attrs": [
        {}
      ],
      "properties": {
        "order": 81,
        "id": 2,
        "name": "Dx",
        "prevSize": 32,
        "code": 122
      },
      "setIdx": 0,
      "setId": 1,
      "iconIdx": 30
    },
    {
      "icon": {
        "paths": [
          "M447.981 32.004c-96 0-169.494-0.845-230.375 15.5-60.881 16.348-108.368 55.285-135.25 120.25-53.764 129.929-50.375 360.25-50.375 824.25h64c0-464 3.264-697.804 45.5-799.875 21.118-51.036 45.63-70.097 92.75-82.75 39.873-10.707 106.214-10.956 180.875-11.375-0.672 166.467-5.453 270.927-34.25 317-15.553 24.886-36.257 39.369-76.125 50s-97.817 15-176.75 15v64c81.067 0 143.118-3.757 193.25-17.125s89.428-38.886 113.875-78c48.893-78.228 44.875-192.875 44.875-384.875v-32z"
        ],
        "attrs": [
          {}
        ],
        "width": 512,
        "isMulticolor": false,
        "isMulticolor2": false,
        "grid": 0,
        "tags": [
          "E"
        ]
      },
      "attrs": [
        {}
      ],
      "properties": {
        "order": 82,
        "id": 1,
        "name": "Ex",
        "prevSize": 32,
        "code": 106
      },
      "setIdx": 0,
      "setId": 1,
      "iconIdx": 31
    },
    {
      "icon": {
        "paths": [
          "M32 32v32c0 226.285 22.128 342.366 65.125 409.25 13.349 20.765 31.816 27.692 49 38.625-17.208 10.936-35.634 17.959-49 38.75-42.997 66.884-65.125 183.089-65.125 409.375v32h448v-32c0-226.286-22.128-342.491-65.125-409.375-13.366-20.791-31.791-27.814-49-38.75 17.184-10.933 35.651-17.859 49-38.625 42.997-66.884 65.125-182.964 65.125-409.25v-32h-32zM98.125 96h315.75c-2.982 194.445-25.578 300.356-52.75 342.625-14.502 22.558-27.788 30.668-44.125 35.75-16.337 5.082-37 5.626-61 5.626s-44.663-0.512-61-5.626c-16.337-5.082-29.624-13.192-44.125-35.75-27.172-42.268-49.77-148.179-52.75-342.625zM256 544c24 0 44.663 0.448 61 5.498 16.337 5.082 29.624 13.192 44.125 35.75 27.174 42.27 49.772 148.292 52.75 342.75h-315.75c2.976-194.458 25.576-300.48 52.75-342.75 14.502-22.558 27.788-30.668 44.125-35.75s37-5.498 61-5.498z"
        ],
        "attrs": [
          {}
        ],
        "width": 512,
        "isMulticolor": false,
        "isMulticolor2": false,
        "grid": 0,
        "tags": [
          "F"
        ]
      },
      "attrs": [
        {}
      ],
      "properties": {
        "order": 83,
        "id": 0,
        "name": "Fx",
        "prevSize": 32,
        "code": 108
      },
      "setIdx": 0,
      "setId": 1,
      "iconIdx": 32
    }
  ],
  "height": 1024,
  "metadata": {
    "name": "ki-print",
    "url": "https://phunanon.github.io/conlangs/ki/html/",
    "designer": "Patrick Bowen"
  },
  "preferences": {
    "showGlyphs": true,
    "showCodes": true,
    "showQuickUse": true,
    "showQuickUse2": true,
    "showSVGs": true,
    "fontPref": {
      "prefix": "ki-",
      "metadata": {
        "fontFamily": "ki-print",
        "majorVersion": 1,
        "minorVersion": 0,
        "fontURL": "https://phunanon.github.io/conlangs/ki/html/",
        "designer": "Patrick Bowen"
      },
      "metrics": {
        "emSize": 1024,
        "baseline": 6.25,
        "whitespace": 50
      },
      "embed": false,
      "resetPoint": 59648,
      "noie8": true,
      "ie7": false,
      "showMetadata": false
    },
    "imagePref": {
      "prefix": "icon-",
      "png": true,
      "useClassSelector": true,
      "color": 0,
      "bgColor": 16777215
    },
    "historySize": 50,
    "showLiga": true
  }
}