{
  "IcoMoonType": "selection",
  "icons": [
    {
      "icon": {
        "paths": [
          "M219.429 329.143c-82.286 0-164.571 65.016-164.571 182.857s82.286 182.857 164.571 182.857c82.286 0 164.571-65.016 164.571-182.857s-82.286-182.857-164.571-182.857zM219.429 365.714c64 0 128 44.698 128 146.286s-64 146.286-128 146.286c-64 0-128-44.698-128-146.286s64-146.286 128-146.286z"
        ],
        "attrs": [
          {}
        ],
        "width": 439,
        "isMulticolor": false,
        "isMulticolor2": false,
        "grid": 0,
        "tags": [
          "mi"
        ]
      },
      "attrs": [
        {}
      ],
      "properties": {
        "order": 91,
        "id": 31,
        "name": "m",
        "prevSize": 32,
        "code": 109
      },
      "setIdx": 0,
      "setId": 0,
      "iconIdx": 0
    },
    {
      "icon": {
        "paths": [
          "M347.429 219.429v585.143c0 101.587-64 146.286-128 146.286s-128-44.698-128-146.286v-146.286h-36.571v146.286c0 117.841 82.286 182.857 164.571 182.857s164.571-65.016 164.571-182.857v-585.143z"
        ],
        "attrs": [
          {}
        ],
        "width": 439,
        "isMulticolor": false,
        "isMulticolor2": false,
        "grid": 0,
        "tags": [
          "ne"
        ]
      },
      "attrs": [
        {}
      ],
      "properties": {
        "order": 92,
        "id": 30,
        "name": "n",
        "prevSize": 32,
        "code": 110
      },
      "setIdx": 0,
      "setId": 0,
      "iconIdx": 1
    },
    {
      "icon": {
        "paths": [
          "M54.857 219.429v585.143c0 117.841 82.286 182.857 164.571 182.857s164.571-65.016 164.571-182.857v-146.286h-36.571v146.286c0 101.587-64 146.286-128 146.286s-128-44.698-128-146.286v-585.143z"
        ],
        "attrs": [
          {}
        ],
        "width": 439,
        "isMulticolor": false,
        "isMulticolor2": false,
        "grid": 0,
        "tags": [
          "pa"
        ]
      },
      "attrs": [
        {}
      ],
      "properties": {
        "order": 93,
        "id": 29,
        "name": "p",
        "prevSize": 32,
        "code": 112
      },
      "setIdx": 0,
      "setId": 0,
      "iconIdx": 2
    },
    {
      "icon": {
        "paths": [
          "M54.857 219.429v585.143c0 117.841 82.286 182.857 164.571 182.857s164.571-65.016 164.571-182.857v-585.143h-36.571v585.143c0 101.587-64 146.286-128 146.286s-128-44.698-128-146.286v-585.143z"
        ],
        "attrs": [
          {}
        ],
        "width": 439,
        "isMulticolor": false,
        "isMulticolor2": false,
        "grid": 0,
        "tags": [
          "bo"
        ]
      },
      "attrs": [
        {}
      ],
      "properties": {
        "order": 94,
        "id": 28,
        "name": "b",
        "prevSize": 32,
        "code": 98
      },
      "setIdx": 0,
      "setId": 0,
      "iconIdx": 3
    },
    {
      "icon": {
        "paths": [
          "M219.429 36.571c-82.286 0-164.571 65.016-164.571 182.857v146.286h36.571v-146.286c0-101.587 64-146.286 128-146.286s128 44.698 128 146.286v585.143h36.571v-585.143c0-117.841-82.286-182.857-164.571-182.857z"
        ],
        "attrs": [
          {}
        ],
        "width": 439,
        "isMulticolor": false,
        "isMulticolor2": false,
        "grid": 0,
        "tags": [
          "tu"
        ]
      },
      "attrs": [
        {}
      ],
      "properties": {
        "order": 95,
        "id": 27,
        "name": "t",
        "prevSize": 32,
        "code": 116
      },
      "setIdx": 0,
      "setId": 0,
      "iconIdx": 4
    },
    {
      "icon": {
        "paths": [
          "M219.429 36.571c-82.286 0-164.571 65.016-164.571 182.857v146.286h36.571v-146.286c0-101.587 64-146.286 128-146.286s128 44.698 128 146.286v585.143c0 101.587-64 146.286-128 146.286s-128-44.698-128-146.286v-146.286h-36.571v146.286c0 117.841 82.286 182.857 164.571 182.857s164.571-65.016 164.571-182.857v-585.143c0-117.841-82.286-182.857-164.571-182.857z"
        ],
        "attrs": [
          {}
        ],
        "width": 439,
        "isMulticolor": false,
        "isMulticolor2": false,
        "grid": 0,
        "tags": [
          "dí"
        ]
      },
      "attrs": [
        {}
      ],
      "properties": {
        "order": 96,
        "id": 26,
        "name": "d",
        "prevSize": 32,
        "code": 100
      },
      "setIdx": 0,
      "setId": 0,
      "iconIdx": 5
    },
    {
      "icon": {
        "paths": [
          "M54.857 219.429v585.143h36.571v-252.929c31.6 44.125 78.66 70.072 128 70.072 82.286 0 164.571-65.016 164.571-182.857v-219.429h-36.571v219.429c0 101.587-64 146.286-128 146.286s-128-44.698-128-146.286v-219.429z"
        ],
        "attrs": [
          {}
        ],
        "width": 439,
        "isMulticolor": false,
        "isMulticolor2": false,
        "grid": 0,
        "tags": [
          "ké"
        ]
      },
      "attrs": [
        {}
      ],
      "properties": {
        "order": 97,
        "id": 25,
        "name": "k",
        "prevSize": 32,
        "code": 107
      },
      "setIdx": 0,
      "setId": 0,
      "iconIdx": 6
    },
    {
      "icon": {
        "paths": [
          "M347.429 219.429v472.357c-31.6-44.125-78.66-70.072-128-70.072-82.286 0-164.571 65.016-164.571 182.857s82.286 182.857 164.571 182.857c82.286 0 164.571-65.016 164.571-182.857v-585.143zM219.429 658.286c64 0 128 44.698 128 146.286s-64 146.286-128 146.286c-64 0-128-44.698-128-146.286s64-146.286 128-146.286z"
        ],
        "attrs": [
          {}
        ],
        "width": 439,
        "isMulticolor": false,
        "isMulticolor2": false,
        "grid": 0,
        "tags": [
          "gá"
        ]
      },
      "attrs": [
        {}
      ],
      "properties": {
        "order": 98,
        "id": 24,
        "name": "g",
        "prevSize": 32,
        "code": 103
      },
      "setIdx": 0,
      "setId": 0,
      "iconIdx": 7
    },
    {
      "icon": {
        "paths": [
          "M219.429 36.571c-82.286 0-164.571 65.016-164.571 182.857v585.143h36.571v-585.143c0-101.587 64-146.286 128-146.286s128 44.698 128 146.286v146.286h36.571v-146.286c0-117.841-82.286-182.857-164.571-182.857z"
        ],
        "attrs": [
          {}
        ],
        "width": 439,
        "isMulticolor": false,
        "isMulticolor2": false,
        "grid": 0,
        "tags": [
          "wó"
        ]
      },
      "attrs": [
        {}
      ],
      "properties": {
        "order": 99,
        "id": 23,
        "name": "w",
        "prevSize": 32,
        "code": 119
      },
      "setIdx": 0,
      "setId": 0,
      "iconIdx": 8
    },
    {
      "icon": {
        "paths": [
          "M54.857 219.429v585.143h36.571v-219.429c0-101.587 64-146.286 128-146.286s128 44.698 128 146.286v219.429h36.571v-219.429c0-117.841-82.286-182.857-164.571-182.857-49.34 0-96.4 25.947-128 70.072v-252.929z"
        ],
        "attrs": [
          {}
        ],
        "width": 439,
        "isMulticolor": false,
        "isMulticolor2": false,
        "grid": 0,
        "tags": [
          "sú"
        ]
      },
      "attrs": [
        {}
      ],
      "properties": {
        "order": 100,
        "id": 22,
        "name": "s",
        "prevSize": 32,
        "code": 115
      },
      "setIdx": 0,
      "setId": 0,
      "iconIdx": 9
    },
    {
      "icon": {
        "paths": [
          "M219.429 36.571c-82.286 0-164.571 65.016-164.571 182.857v585.143c0 117.841 82.286 182.857 164.571 182.857s164.571-65.016 164.571-182.857v-146.286h-36.571v146.286c0 101.587-64 146.286-128 146.286s-128-44.698-128-146.286v-585.143c0-101.587 64-146.286 128-146.286s128 44.698 128 146.286v146.286h36.571v-146.286c0-117.841-82.286-182.857-164.571-182.857z"
        ],
        "attrs": [
          {}
        ],
        "width": 439,
        "isMulticolor": false,
        "isMulticolor2": false,
        "grid": 0,
        "tags": [
          "zì"
        ]
      },
      "attrs": [
        {}
      ],
      "properties": {
        "order": 101,
        "id": 21,
        "name": "z",
        "prevSize": 32,
        "code": 122
      },
      "setIdx": 0,
      "setId": 0,
      "iconIdx": 10
    },
    {
      "icon": {
        "paths": [
          "M54.857 219.429v585.143c0 117.841 82.286 182.857 164.571 182.857s164.571-65.016 164.571-182.857c0-117.841-82.286-182.857-164.571-182.857-49.34 0-96.4 25.947-128 70.072v-472.357zM219.429 658.286c64 0 128 44.698 128 146.286s-64 146.286-128 146.286c-64 0-128-44.698-128-146.286s64-146.286 128-146.286z"
        ],
        "attrs": [
          {}
        ],
        "width": 439,
        "isMulticolor": false,
        "isMulticolor2": false,
        "grid": 0,
        "tags": [
          "cè"
        ]
      },
      "attrs": [
        {}
      ],
      "properties": {
        "order": 102,
        "id": 20,
        "name": "c",
        "prevSize": 32,
        "code": 99
      },
      "setIdx": 0,
      "setId": 0,
      "iconIdx": 11
    },
    {
      "icon": {
        "paths": [
          "M219.429 36.571c-82.286 0-164.571 65.016-164.571 182.857v585.143h36.571v-585.143c0-101.587 64-146.286 128-146.286s128 44.698 128 146.286v585.143h36.571v-585.143c0-117.841-82.286-182.857-164.571-182.857z"
        ],
        "attrs": [
          {}
        ],
        "width": 439,
        "isMulticolor": false,
        "isMulticolor2": false,
        "grid": 0,
        "tags": [
          "jà"
        ]
      },
      "attrs": [
        {}
      ],
      "properties": {
        "order": 103,
        "id": 19,
        "name": "j",
        "prevSize": 32,
        "code": 106
      },
      "setIdx": 0,
      "setId": 0,
      "iconIdx": 12
    },
    {
      "icon": {
        "paths": [
          "M219.429 36.571c-82.286 0-164.571 65.016-164.571 182.857s82.286 182.857 164.571 182.857c49.34 0 96.4-25.947 128-70.072v472.357h36.571v-585.143c0-117.841-82.286-182.857-164.571-182.857zM219.429 73.143c64 0 128 44.698 128 146.286s-64 146.286-128 146.286c-64 0-128-44.698-128-146.286s64-146.286 128-146.286z"
        ],
        "attrs": [
          {}
        ],
        "width": 439,
        "isMulticolor": false,
        "isMulticolor2": false,
        "grid": 0,
        "tags": [
          "fò"
        ]
      },
      "attrs": [
        {}
      ],
      "properties": {
        "order": 104,
        "id": 18,
        "name": "f",
        "prevSize": 32,
        "code": 102
      },
      "setIdx": 0,
      "setId": 0,
      "iconIdx": 13
    },
    {
      "icon": {
        "paths": [
          "M219.429 36.571c-82.286 0-164.571 65.016-164.571 182.857v585.143h36.571v-472.357c31.6 44.125 78.66 70.072 128 70.072 82.286 0 164.571-65.016 164.571-182.857s-82.286-182.857-164.571-182.857zM219.429 73.143c64 0 128 44.698 128 146.286s-64 146.286-128 146.286c-64 0-128-44.698-128-146.286s64-146.286 128-146.286z"
        ],
        "attrs": [
          {}
        ],
        "width": 439,
        "isMulticolor": false,
        "isMulticolor2": false,
        "grid": 0,
        "tags": [
          "vù"
        ]
      },
      "attrs": [
        {}
      ],
      "properties": {
        "order": 105,
        "id": 17,
        "name": "v",
        "prevSize": 32,
        "code": 118
      },
      "setIdx": 0,
      "setId": 0,
      "iconIdx": 14
    },
    {
      "icon": {
        "paths": [
          "M219.429 36.571c-82.286 0-164.571 65.016-164.571 182.857v585.143c0 117.841 82.286 182.857 164.571 182.857s164.571-65.016 164.571-182.857v-585.143c0-117.841-82.286-182.857-164.571-182.857zM219.429 73.143c64 0 128 44.698 128 146.286v585.143c0 101.587-64 146.286-128 146.286s-128-44.698-128-146.286v-585.143c0-101.587 64-146.286 128-146.286z"
        ],
        "attrs": [
          {}
        ],
        "width": 439,
        "isMulticolor": false,
        "isMulticolor2": false,
        "grid": 0,
        "tags": [
          "yh"
        ]
      },
      "attrs": [
        {}
      ],
      "properties": {
        "order": 106,
        "id": 16,
        "name": "y",
        "prevSize": 32,
        "code": 121
      },
      "setIdx": 0,
      "setId": 0,
      "iconIdx": 15
    },
    {
      "icon": {
        "paths": [
          "M219.429 329.143c-82.286 0-164.571 65.016-164.571 182.857s82.286 182.857 164.571 182.857c82.286 0 164.571-65.016 164.571-182.857s-82.286-182.857-164.571-182.857zM219.429 365.714c64 0 128 44.698 128 146.286s-64 146.286-128 146.286c-64 0-128-44.698-128-146.286s64-146.286 128-146.286z"
        ],
        "attrs": [
          {}
        ],
        "width": 439,
        "isMulticolor": false,
        "isMulticolor2": false,
        "grid": 0,
        "tags": [
          "mi"
        ]
      },
      "attrs": [
        {}
      ],
      "properties": {
        "order": 107,
        "id": 15,
        "name": "i",
        "prevSize": 32,
        "code": 105
      },
      "setIdx": 0,
      "setId": 0,
      "iconIdx": 16
    },
    {
      "icon": {
        "paths": [
          "M347.429 219.429v585.143c0 101.587-64 146.286-128 146.286s-128-44.698-128-146.286v-146.286h-36.571v146.286c0 117.841 82.286 182.857 164.571 182.857s164.571-65.016 164.571-182.857v-585.143z"
        ],
        "attrs": [
          {}
        ],
        "width": 439,
        "isMulticolor": false,
        "isMulticolor2": false,
        "grid": 0,
        "tags": [
          "ne"
        ]
      },
      "attrs": [
        {}
      ],
      "properties": {
        "order": 108,
        "id": 14,
        "name": "e",
        "prevSize": 32,
        "code": 101
      },
      "setIdx": 0,
      "setId": 0,
      "iconIdx": 17
    },
    {
      "icon": {
        "paths": [
          "M54.857 219.429v585.143c0 117.841 82.286 182.857 164.571 182.857s164.571-65.016 164.571-182.857v-146.286h-36.571v146.286c0 101.587-64 146.286-128 146.286s-128-44.698-128-146.286v-585.143z"
        ],
        "attrs": [
          {}
        ],
        "width": 439,
        "isMulticolor": false,
        "isMulticolor2": false,
        "grid": 0,
        "tags": [
          "pa"
        ]
      },
      "attrs": [
        {}
      ],
      "properties": {
        "order": 109,
        "id": 13,
        "name": "a",
        "prevSize": 32,
        "code": 97
      },
      "setIdx": 0,
      "setId": 0,
      "iconIdx": 18
    },
    {
      "icon": {
        "paths": [
          "M54.857 219.429v585.143c0 117.841 82.286 182.857 164.571 182.857s164.571-65.016 164.571-182.857v-585.143h-36.571v585.143c0 101.587-64 146.286-128 146.286s-128-44.698-128-146.286v-585.143z"
        ],
        "attrs": [
          {}
        ],
        "width": 439,
        "isMulticolor": false,
        "isMulticolor2": false,
        "grid": 0,
        "tags": [
          "bo"
        ]
      },
      "attrs": [
        {}
      ],
      "properties": {
        "order": 110,
        "id": 12,
        "name": "o",
        "prevSize": 32,
        "code": 111
      },
      "setIdx": 0,
      "setId": 0,
      "iconIdx": 19
    },
    {
      "icon": {
        "paths": [
          "M219.429 36.571c-82.286 0-164.571 65.016-164.571 182.857v146.286h36.571v-146.286c0-101.587 64-146.286 128-146.286s128 44.698 128 146.286v585.143h36.571v-585.143c0-117.841-82.286-182.857-164.571-182.857z"
        ],
        "attrs": [
          {}
        ],
        "width": 439,
        "isMulticolor": false,
        "isMulticolor2": false,
        "grid": 0,
        "tags": [
          "tu"
        ]
      },
      "attrs": [
        {}
      ],
      "properties": {
        "order": 111,
        "id": 11,
        "name": "u",
        "prevSize": 32,
        "code": 117
      },
      "setIdx": 0,
      "setId": 0,
      "iconIdx": 20
    },
    {
      "icon": {
        "paths": [
          "M219.429 36.571c-82.286 0-164.571 65.016-164.571 182.857v146.286h36.571v-146.286c0-101.587 64-146.286 128-146.286s128 44.698 128 146.286v585.143c0 101.587-64 146.286-128 146.286s-128-44.698-128-146.286v-146.286h-36.571v146.286c0 117.841 82.286 182.857 164.571 182.857s164.571-65.016 164.571-182.857v-585.143c0-117.841-82.286-182.857-164.571-182.857z"
        ],
        "attrs": [
          {}
        ],
        "width": 439,
        "isMulticolor": false,
        "isMulticolor2": false,
        "grid": 0,
        "tags": [
          "dí"
        ]
      },
      "attrs": [
        {}
      ],
      "properties": {
        "order": 112,
        "id": 10,
        "name": "í",
        "prevSize": 32,
        "code": 237
      },
      "setIdx": 0,
      "setId": 0,
      "iconIdx": 21
    },
    {
      "icon": {
        "paths": [
          "M54.857 219.429v585.143h36.571v-252.929c31.6 44.125 78.66 70.072 128 70.072 82.286 0 164.571-65.016 164.571-182.857v-219.429h-36.571v219.429c0 101.587-64 146.286-128 146.286s-128-44.698-128-146.286v-219.429z"
        ],
        "attrs": [
          {}
        ],
        "width": 439,
        "isMulticolor": false,
        "isMulticolor2": false,
        "grid": 0,
        "tags": [
          "ké"
        ]
      },
      "attrs": [
        {}
      ],
      "properties": {
        "order": 113,
        "id": 9,
        "name": "é",
        "prevSize": 32,
        "code": 233
      },
      "setIdx": 0,
      "setId": 0,
      "iconIdx": 22
    },
    {
      "icon": {
        "paths": [
          "M347.429 219.429v472.357c-31.6-44.125-78.66-70.072-128-70.072-82.286 0-164.571 65.016-164.571 182.857s82.286 182.857 164.571 182.857c82.286 0 164.571-65.016 164.571-182.857v-585.143zM219.429 658.286c64 0 128 44.698 128 146.286s-64 146.286-128 146.286c-64 0-128-44.698-128-146.286s64-146.286 128-146.286z"
        ],
        "attrs": [
          {}
        ],
        "width": 439,
        "isMulticolor": false,
        "isMulticolor2": false,
        "grid": 0,
        "tags": [
          "gá"
        ]
      },
      "attrs": [
        {}
      ],
      "properties": {
        "order": 114,
        "id": 8,
        "name": "á",
        "prevSize": 32,
        "code": 225
      },
      "setIdx": 0,
      "setId": 0,
      "iconIdx": 23
    },
    {
      "icon": {
        "paths": [
          "M219.429 36.571c-82.286 0-164.571 65.016-164.571 182.857v585.143h36.571v-585.143c0-101.587 64-146.286 128-146.286s128 44.698 128 146.286v146.286h36.571v-146.286c0-117.841-82.286-182.857-164.571-182.857z"
        ],
        "attrs": [
          {}
        ],
        "width": 439,
        "isMulticolor": false,
        "isMulticolor2": false,
        "grid": 0,
        "tags": [
          "wó"
        ]
      },
      "attrs": [
        {}
      ],
      "properties": {
        "order": 115,
        "id": 7,
        "name": "ó",
        "prevSize": 32,
        "code": 243
      },
      "setIdx": 0,
      "setId": 0,
      "iconIdx": 24
    },
    {
      "icon": {
        "paths": [
          "M54.857 219.429v585.143h36.571v-219.429c0-101.587 64-146.286 128-146.286s128 44.698 128 146.286v219.429h36.571v-219.429c0-117.841-82.286-182.857-164.571-182.857-49.34 0-96.4 25.947-128 70.072v-252.929z"
        ],
        "attrs": [
          {}
        ],
        "width": 439,
        "isMulticolor": false,
        "isMulticolor2": false,
        "grid": 0,
        "tags": [
          "sú"
        ]
      },
      "attrs": [
        {}
      ],
      "properties": {
        "order": 116,
        "id": 6,
        "name": "ú",
        "prevSize": 32,
        "code": 250
      },
      "setIdx": 0,
      "setId": 0,
      "iconIdx": 25
    },
    {
      "icon": {
        "paths": [
          "M219.429 36.571c-82.286 0-164.571 65.016-164.571 182.857v585.143c0 117.841 82.286 182.857 164.571 182.857s164.571-65.016 164.571-182.857v-146.286h-36.571v146.286c0 101.587-64 146.286-128 146.286s-128-44.698-128-146.286v-585.143c0-101.587 64-146.286 128-146.286s128 44.698 128 146.286v146.286h36.571v-146.286c0-117.841-82.286-182.857-164.571-182.857z"
        ],
        "attrs": [
          {}
        ],
        "width": 439,
        "isMulticolor": false,
        "isMulticolor2": false,
        "grid": 0,
        "tags": [
          "zì"
        ]
      },
      "attrs": [
        {}
      ],
      "properties": {
        "order": 117,
        "id": 5,
        "name": "ì",
        "prevSize": 32,
        "code": 236
      },
      "setIdx": 0,
      "setId": 0,
      "iconIdx": 26
    },
    {
      "icon": {
        "paths": [
          "M54.857 219.429v585.143c0 117.841 82.286 182.857 164.571 182.857s164.571-65.016 164.571-182.857c0-117.841-82.286-182.857-164.571-182.857-49.34 0-96.4 25.947-128 70.072v-472.357zM219.429 658.286c64 0 128 44.698 128 146.286s-64 146.286-128 146.286c-64 0-128-44.698-128-146.286s64-146.286 128-146.286z"
        ],
        "attrs": [
          {}
        ],
        "width": 439,
        "isMulticolor": false,
        "isMulticolor2": false,
        "grid": 0,
        "tags": [
          "cè"
        ]
      },
      "attrs": [
        {}
      ],
      "properties": {
        "order": 118,
        "id": 4,
        "name": "è",
        "prevSize": 32,
        "code": 232
      },
      "setIdx": 0,
      "setId": 0,
      "iconIdx": 27
    },
    {
      "icon": {
        "paths": [
          "M219.429 36.571c-82.286 0-164.571 65.016-164.571 182.857v585.143h36.571v-585.143c0-101.587 64-146.286 128-146.286s128 44.698 128 146.286v585.143h36.571v-585.143c0-117.841-82.286-182.857-164.571-182.857z"
        ],
        "attrs": [
          {}
        ],
        "width": 439,
        "isMulticolor": false,
        "isMulticolor2": false,
        "grid": 0,
        "tags": [
          "jà"
        ]
      },
      "attrs": [
        {}
      ],
      "properties": {
        "order": 119,
        "id": 3,
        "name": "à",
        "prevSize": 32,
        "code": 224
      },
      "setIdx": 0,
      "setId": 0,
      "iconIdx": 28
    },
    {
      "icon": {
        "paths": [
          "M219.429 36.571c-82.286 0-164.571 65.016-164.571 182.857s82.286 182.857 164.571 182.857c49.34 0 96.4-25.947 128-70.072v472.357h36.571v-585.143c0-117.841-82.286-182.857-164.571-182.857zM219.429 73.143c64 0 128 44.698 128 146.286s-64 146.286-128 146.286c-64 0-128-44.698-128-146.286s64-146.286 128-146.286z"
        ],
        "attrs": [
          {}
        ],
        "width": 439,
        "isMulticolor": false,
        "isMulticolor2": false,
        "grid": 0,
        "tags": [
          "fò"
        ]
      },
      "attrs": [
        {}
      ],
      "properties": {
        "order": 120,
        "id": 2,
        "name": "ò",
        "prevSize": 32,
        "code": 242
      },
      "setIdx": 0,
      "setId": 0,
      "iconIdx": 29
    },
    {
      "icon": {
        "paths": [
          "M219.429 36.571c-82.286 0-164.571 65.016-164.571 182.857v585.143h36.571v-472.357c31.6 44.125 78.66 70.072 128 70.072 82.286 0 164.571-65.016 164.571-182.857s-82.286-182.857-164.571-182.857zM219.429 73.143c64 0 128 44.698 128 146.286s-64 146.286-128 146.286c-64 0-128-44.698-128-146.286s64-146.286 128-146.286z"
        ],
        "attrs": [
          {}
        ],
        "width": 439,
        "isMulticolor": false,
        "isMulticolor2": false,
        "grid": 0,
        "tags": [
          "vù"
        ]
      },
      "attrs": [
        {}
      ],
      "properties": {
        "order": 121,
        "id": 1,
        "name": "ù",
        "prevSize": 32,
        "code": 249
      },
      "setIdx": 0,
      "setId": 0,
      "iconIdx": 30
    },
    {
      "icon": {
        "paths": [
          "M219.429 36.571c-82.286 0-164.571 65.016-164.571 182.857v585.143c0 117.841 82.286 182.857 164.571 182.857s164.571-65.016 164.571-182.857v-585.143c0-117.841-82.286-182.857-164.571-182.857zM219.429 73.143c64 0 128 44.698 128 146.286v585.143c0 101.587-64 146.286-128 146.286s-128-44.698-128-146.286v-585.143c0-101.587 64-146.286 128-146.286z"
        ],
        "attrs": [
          {}
        ],
        "width": 439,
        "isMulticolor": false,
        "isMulticolor2": false,
        "grid": 0,
        "tags": [
          "yh"
        ]
      },
      "attrs": [
        {}
      ],
      "properties": {
        "order": 122,
        "id": 0,
        "name": "h",
        "prevSize": 32,
        "code": 104
      },
      "setIdx": 0,
      "setId": 0,
      "iconIdx": 31
    }
  ],
  "height": 1024,
  "metadata": {
    "name": "mi-native-combine",
    "url": "https://phunanon.github.io/conlangs/mi/",
    "designer": "Patrick Bowen"
  },
  "preferences": {
    "showGlyphs": true,
    "showCodes": true,
    "showQuickUse": true,
    "showQuickUse2": true,
    "showSVGs": true,
    "fontPref": {
      "prefix": "mi-",
      "metadata": {
        "fontFamily": "mi-native-combine",
        "majorVersion": 1,
        "minorVersion": 0,
        "fontURL": "https://phunanon.github.io/conlangs/mi/",
        "designer": "Patrick Bowen"
      },
      "metrics": {
        "emSize": 1024,
        "baseline": 6.25,
        "whitespace": 50
      },
      "embed": false,
      "noie8": true,
      "ie7": false,
      "cssVars": false,
      "cssVarsFormat": "scss",
      "includeMetadata": true,
      "showMetadata": true,
      "showVersion": true
    },
    "imagePref": {
      "prefix": "icon-",
      "png": true,
      "useClassSelector": true,
      "color": 0,
      "bgColor": 16777215,
      "classSelector": ".icon"
    },
    "historySize": 50,
    "showLiga": false
  }
}